Job Title,Company Name,Location,Job Description,Requirements
Network Administrator,Database Solutions,"Columbus, OH (39.9612,-82.9988)",Ensure the security of IT systems.,"Experience with Python, Java, and SQL."
Technical Writer,HR Solutions,"New York, NY (40.7128,-74.0060)",Troubleshoot and resolve IT issues.,Experience with business analysis tools.
Copywriter,Design Studio,"Cleveland, OH (41.4993,-81.6944)",Manage recruitment and employee relations.,Experience with SEO tools and techniques.
Finance Analyst,Technical Docs,"Charlotte, NC (35.2271,-80.8431)",Find and recruit top talent.,Experience with business analysis tools.
Marketing Specialist,Data Inc.,"Philadelphia, PA (39.9526,-75.1652)",Oversee product development from ideation to launch.,Experience with CRM systems and sales techniques.
IT Support Technician,DevOps Works,"Detroit, MI (42.3314,-83.0458)",Create visually appealing designs.,Experience with CRM systems and sales techniques.
Recruiter,DevOps Works,"Kansas City, MO (39.0997,-94.5786)",Build and optimize backend systems and databases.,Experience with social media platforms.
UX Designer,Sales Hub,"Dallas, TX (32.7767,-96.7970)",Oversee product development from ideation to launch.,Experience with IT support and troubleshooting.
Marketing Specialist,Marketing Pros,"Milwaukee, WI (43.0389,-87.9065)",Ensure the security of IT systems.,Experience with business analysis tools.
Content Writer,QA Gurus,"Seattle, WA (47.6062,-122.3321)",Write persuasive and clear copy.,Experience with software testing methodologies.
Software Engineer,Marketing Pros,"Portland, OR (45.5155,-122.6789)",Build and optimize backend systems and databases.,Experience with customer support software.
Software Engineer,Legal Advisors,"Indianapolis, IN (39.7684,-86.1581)",Manage recruitment and employee relations.,"Experience with Python, Java, and SQL."
Mobile App Developer,Technical Docs,"San Diego, CA (32.7157,-117.1611)",Find and recruit top talent.,Experience with technical writing.
Backend Developer,Security Experts,"Columbus, OH (39.9612,-82.9988)",Write engaging and informative content.,Experience with customer support software.
Network Administrator,Backend Systems,"Cleveland, OH (41.4993,-81.6944)",Manage infrastructure and deployment pipelines.,Experience with DevOps tools and practices.
Business Analyst,HR Solutions,"Las Vegas, NV (36.1699,-115.1398)",Troubleshoot and resolve IT issues.,Experience with customer support software.
Copywriter,Finance Group,"Denver, CO (39.7392,-104.9903)",Troubleshoot and resolve IT issues.,Experience with financial modeling and analysis.
Network Administrator,QA Gurus,"Seattle, WA (47.6062,-122.3321)",Ensure the security of IT systems.,Experience with HR software and processes.
Content Writer,QA Gurus,"Columbus, OH (39.9612,-82.9988)",Ensure the security of IT systems.,Experience with cyber security practices.
Software Engineer,Product Co.,"Salt Lake City, UT (40.7608,-111.8910)",Write engaging and informative content.,Experience with mobile app development.
Business Analyst,Technical Docs,"Los Angeles, CA (34.0522,-118.2437)",Coordinate and manage projects.,"Experience with HTML, CSS, and JavaScript."
Finance Analyst,Sales Hub,"Boston, MA (42.3601,-71.0589)",Create visually appealing designs.,Experience with CRM systems and sales techniques.
Copywriter,Project Masters,"Washington, DC (38.9072,-77.0369)",Provide legal advice and services.,Experience with project management tools.
Customer Support Specialist,Support Center,"Charlotte, NC (35.2271,-80.8431)",Create visually appealing designs.,Experience with project management and agile methodologies.
IT Support Technician,Tech Corp,"Kansas City, MO (39.0997,-94.5786)",Analyze financial data and trends.,Experience with customer support software.
Copywriter,IT Services,"Chicago, IL (41.8781,-87.6298)",Find and recruit top talent.,Experience with copywriting.
Backend Developer,DevOps Works,"Denver, CO (39.7392,-104.9903)",Optimize websites for search engines.,Experience with technical writing.
Sales Representative,Social Connect,"Columbus, OH (39.9612,-82.9988)",Write technical documentation.,Experience with event planning.
HR Manager,IT Services,"Philadelphia, PA (39.9526,-75.1652)",Oversee daily operations and logistics.,Experience with technical writing.
Marketing Specialist,Mobile Innovators,"Miami, FL (25.7617,-80.1918)",Manage infrastructure and deployment pipelines.,Experience with business analysis tools.
